Bristol Motor Club,my.bristolmc.org.uk
Bristol Pegasus Motor Club,www.bristolpegasus.com
Midland Automobile Club (Est.1901) Ltd,www.midlandautomobileclub.co.uk
Ulster Automobile Club,www.ulsterautomobile.club
Jersey Motor Cycle & Light Car Club,www.jerseymotorsport.com
Clwyd Vale Motor Club,www.cvmc.org.uk
Vintage Sports-Car Club,www.vscc.co.uk
Boundless by CSMA North West,autotest.sapphire-solutions.co.uk/eventlist.php?sitename=nwmg&fbclid=IwY2xjawKDO2dleHRuA2FlbQIxMABicmlkETBqbFZMcEtUeVJDaDVmdEJSAR4qUQGX0PpweiAB5j-UK9RIZ8SH9feWjOd_Jo8D1R7WumU85Dp5fP_za2AdrQ_aem_wPFOv5o-BT74xJWE-CSOLw
Scottish Sporting Car Club,scottishsportingcc.wordpress.com
Cirencester Car Club,cirencestercarclub.com
Sevenoaks and district motor club,sevenoaksmotorclub.com
Cannock and District Car Club,www.cdcc.org.uk
Berwick & District Motor Club,berwickmotorclub.co.uk
Redditch & District Car Club,www.rdcc.org.uk
Bugatti Ownersâ€™ Club,www.prescotthillclimb.co.uk
BARC SW,gurstondown.org
Grampian Automobile Cub,www.grampianautomobileclub.org.uk
BARC (Yorkshire Centre),www.harewoodhill.com
Thoroughbred Sports Car Club NI,www.tsccni.uk
Hagley & District Light Car Club,www.hdlcc.com
Brecon Motor Club Ltd,www.breconmotorclub.co.uk
LOTHIAN CAR CLUB,www.dounehillclimb.co.uk
GUERNSEY MOTORCYCLE AND CAR CLUB LBG,www.gmccc.gg
Yorkshire Motor Club,www.facebook.com/theyorkshiremotorclub
Shenstone and District Car Club Ltd,www.curborough.co.uk
Green Belt Motor Club,www.greenbeltmc.org.uk
Mid-Cheshire Motor Racing Club,mcmrc.co.uk
Loughborough Car Club,loughboroughcarclub.co.uk
Ross & District Motor Sports Ltd,www.rossmotorsports.co.uk
